-15,-3,T9H4D1c1ObY0PjkbTmOVj+wO8mk=,GEhuO/OUyglGo0XIGQV0esVHVxc=
-15,-2,T9H4D1c1ObY0PjkbTmOVj+wO8mk=,zj2AQ3ZllSFrgcqhYlw7NLHf/ds=
-14,-2,T9H4D1c1ObY0PjkbTmOVj+wO8mk=,ZwYSa/Dp+RpGRIrcKLI2IPeUOT0=
-14,-3,T9H4D1c1ObY0PjkbTmOVj+wO8mk=,ZfcontK1/JhPJINOmGrF2KR2Vqk=
-13,-7,T9H4D1c1ObY0PjkbTmOVj+wO8mk=,0cki/qVBO82PWuvbZyojpamEBSA=
-13,-6,T9H4D1c1ObY0PjkbTmOVj+wO8mk=,+K+0rxPEedbI1yP68fK7AHpACgM=
-12,-6,xxUGLD+HVt+vs/e9PlO9p3ESOB8=,aGRgZXErk5MBGKoQwr/1WQN6zFg=
-12,-7,xxUGLD+HVt+vs/e9PlO9p3ESOB8=,/1XeU075ROLwjbz0ismX5jKt1qI=
-13,-5,xxUGLD+HVt+vs/e9PlO9p3ESOB8=,+K+0rxPEedbI1yP68fK7AHpACgM=
-12,-4,xxUGLD+HVt+vs/e9PlO9p3ESOB8=,VwKGgpXW7dJqK/XLqoBP4FkZ0So=
-13,-4,xxUGLD+HVt+vs/e9PlO9p3ESOB8=,ZfcontK1/JhPJINOmGrF2KR2Vqk=
-12,-5,xxUGLD+HVt+vs/e9PlO9p3ESOB8=,aGRgZXErk5MBGKoQwr/1WQN6zFg=
-12,-3,Hi7bIjQvT7RqjWlsB5+GsOOZNWc=,VwKGgpXW7dJqK/XLqoBP4FkZ0So=
-12,-8,Hi7bIjQvT7RqjWlsB5+GsOOZNWc=,/1XeU075ROLwjbz0ismX5jKt1qI=
-13,-3,Hi7bIjQvT7RqjWlsB5+GsOOZNWc=,ZfcontK1/JhPJINOmGrF2KR2Vqk=
-13,-2,Hi7bIjQvT7RqjWlsB5+GsOOZNWc=,ZwYSa/Dp+RpGRIrcKLI2IPeUOT0=
-12,-9,Hi7bIjQvT7RqjWlsB5+GsOOZNWc=,EybkIO4sfj1Ee8EXUpa9lil07rc=
-13,-8,Hi7bIjQvT7RqjWlsB5+GsOOZNWc=,0cki/qVBO82PWuvbZyojpamEBSA=
-12,-2,Hi7bIjQvT7RqjWlsB5+GsOOZNWc=,BDFw7+rfMgUTPs8Jted3HwrzP/k=
-14,-11,Hi7bIjQvT7RqjWlsB5+GsOOZNWc=,tadNvftoJKrw4IxF5oA4Sg6dDUg=
-15,-11,Hi7bIjQvT7RqjWlsB5+GsOOZNWc=,EQhh44hXHF0K1gFSle3PHakW5AI=
-13,-9,Hi7bIjQvT7RqjWlsB5+GsOOZNWc=,6/h8f5zp77gX+Wf47o6Lu6LabfY=
-15,-10,XQsozkkbAIh6FNM9ik7EkqVIpwU=,AwOEEtC8cQ6NsGcuBdW3CXKanWs=
-14,-10,XQsozkkbAIh6FNM9ik7EkqVIpwU=,6/h8f5zp77gX+Wf47o6Lu6LabfY=
-12,-10,XQsozkkbAIh6FNM9ik7EkqVIpwU=,EybkIO4sfj1Ee8EXUpa9lil07rc=
-12,-11,XQsozkkbAIh6FNM9ik7EkqVIpwU=,UNc6OhWSaIxlk61hO2JQMrHZwF4=
-13,-11,XQsozkkbAIh6FNM9ik7EkqVIpwU=,tadNvftoJKrw4IxF5oA4Sg6dDUg=
-13,-10,XQsozkkbAIh6FNM9ik7EkqVIpwU=,6/h8f5zp77gX+Wf47o6Lu6LabfY=
-15,-12,XQsozkkbAIh6FNM9ik7EkqVIpwU=,EQhh44hXHF0K1gFSle3PHakW5AI=
-14,-12,XQsozkkbAIh6FNM9ik7EkqVIpwU=,tadNvftoJKrw4IxF5oA4Sg6dDUg=
-12,-15,XQsozkkbAIh6FNM9ik7EkqVIpwU=,RoC2uPUHTuFo/JHIiC2TrbB5VkA=
-15,-13,XQsozkkbAIh6FNM9ik7EkqVIpwU=,xvBtfExz+cdHXv+dCzWeiVXPWHY=
-13,-15,XQsozkkbAIh6FNM9ik7EkqVIpwU=,IHOXRvxjGU10oP5un+SBixrbSac=
-13,-12,/LPH63w0sUWQKFPqVGk+sYBcL2g=,tadNvftoJKrw4IxF5oA4Sg6dDUg=
-12,-12,/LPH63w0sUWQKFPqVGk+sYBcL2g=,UNc6OhWSaIxlk61hO2JQMrHZwF4=
-14,-13,/LPH63w0sUWQKFPqVGk+sYBcL2g=,saFWxYuIiRf6oJM0k9bo28mGksU=
-12,-14,/LPH63w0sUWQKFPqVGk+sYBcL2g=,PwbEsuP07+EMPtgUJfLlwkJNZDo=
-13,-14,/LPH63w0sUWQKFPqVGk+sYBcL2g=,saFWxYuIiRf6oJM0k9bo28mGksU=
-12,-13,/LPH63w0sUWQKFPqVGk+sYBcL2g=,PwbEsuP07+EMPtgUJfLlwkJNZDo=
-13,-13,/LPH63w0sUWQKFPqVGk+sYBcL2g=,saFWxYuIiRf6oJM0k9bo28mGksU=
-11,-12,/LPH63w0sUWQKFPqVGk+sYBcL2g=,UNc6OhWSaIxlk61hO2JQMrHZwF4=
-10,-12,/LPH63w0sUWQKFPqVGk+sYBcL2g=,n/+9SIqFLUkPdL+Z/X5aTWehyIE=
-10,-13,/LPH63w0sUWQKFPqVGk+sYBcL2g=,j8YPLBePecchUoNdWtlM5LpVfZk=
-11,-13,/LPH63w0sUWQKFPqVGk+sYBcL2g=,PwbEsuP07+EMPtgUJfLlwkJNZDo=
-10,-10,3lZzcO6IIZ5Zaswwdw8R3kO9+no=,SnHpnoYqLUUbU/oJr5HhBLDS1l4=
-10,-11,3lZzcO6IIZ5Zaswwdw8R3kO9+no=,n/+9SIqFLUkPdL+Z/X5aTWehyIE=
-11,-11,3lZzcO6IIZ5Zaswwdw8R3kO9+no=,UNc6OhWSaIxlk61hO2JQMrHZwF4=
-11,-10,3lZzcO6IIZ5Zaswwdw8R3kO9+no=,EybkIO4sfj1Ee8EXUpa9lil07rc=
-10,-9,3lZzcO6IIZ5Zaswwdw8R3kO9+no=,SnHpnoYqLUUbU/oJr5HhBLDS1l4=
-11,-9,3lZzcO6IIZ5Zaswwdw8R3kO9+no=,EybkIO4sfj1Ee8EXUpa9lil07rc=
-11,-8,3lZzcO6IIZ5Zaswwdw8R3kO9+no=,/1XeU075ROLwjbz0ismX5jKt1qI=
-10,-8,3lZzcO6IIZ5Zaswwdw8R3kO9+no=,H8hnIYd4lVqYtyNXJcAv1Bx+bk8=
-10,-7,3lZzcO6IIZ5Zaswwdw8R3kO9+no=,H8hnIYd4lVqYtyNXJcAv1Bx+bk8=
-10,-6,3lZzcO6IIZ5Zaswwdw8R3kO9+no=,mwejeOR7FcKkccIxzgFqNs4TI3k=
-11,-7,mqmwQtMGPrlMcpLdLQAYwhPat8k=,/1XeU075ROLwjbz0ismX5jKt1qI=
-11,-6,mqmwQtMGPrlMcpLdLQAYwhPat8k=,aGRgZXErk5MBGKoQwr/1WQN6zFg=
-9,-9,4PAlXpkG5xceR6ZSmsMoFgS+vH4=,SnHpnoYqLUUbU/oJr5HhBLDS1l4=
-9,-8,4PAlXpkG5xceR6ZSmsMoFgS+vH4=,H8hnIYd4lVqYtyNXJcAv1Bx+bk8=
-8,-9,4PAlXpkG5xceR6ZSmsMoFgS+vH4=,qSedGuiMXzfuqcaVbBjmSygVqGg=
-9,-7,4PAlXpkG5xceR6ZSmsMoFgS+vH4=,H8hnIYd4lVqYtyNXJcAv1Bx+bk8=
-9,-6,4PAlXpkG5xceR6ZSmsMoFgS+vH4=,mwejeOR7FcKkccIxzgFqNs4TI3k=
-8,-8,4PAlXpkG5xceR6ZSmsMoFgS+vH4=,ojZZp50+QFnevK4FVd/zBMpl5fc=
-8,-7,4PAlXpkG5xceR6ZSmsMoFgS+vH4=,ojZZp50+QFnevK4FVd/zBMpl5fc=
-8,-6,4PAlXpkG5xceR6ZSmsMoFgS+vH4=,lioIL8yMM8bCyZ4o9eDK3xCxkO0=
-7,-9,PE9zWxAr9J89Mp9pvS0M5dKzQaQ=,qSedGuiMXzfuqcaVbBjmSygVqGg=
-7,-8,PE9zWxAr9J89Mp9pvS0M5dKzQaQ=,ojZZp50+QFnevK4FVd/zBMpl5fc=
-6,-9,PE9zWxAr9J89Mp9pvS0M5dKzQaQ=,GhAICTVXYVfP1L1mNL/xNDgZnSE=
-6,-8,PE9zWxAr9J89Mp9pvS0M5dKzQaQ=,t5cs3h/vkmBw29IjOC55LhXmzU8=
-8,-13,PE9zWxAr9J89Mp9pvS0M5dKzQaQ=,dV32TQOgMMOjRygi3Qdv0QZ+VEM=
-9,-10,PE9zWxAr9J89Mp9pvS0M5dKzQaQ=,SnHpnoYqLUUbU/oJr5HhBLDS1l4=
-8,-10,PE9zWxAr9J89Mp9pvS0M5dKzQaQ=,qSedGuiMXzfuqcaVbBjmSygVqGg=
-9,-13,PE9zWxAr9J89Mp9pvS0M5dKzQaQ=,j8YPLBePecchUoNdWtlM5LpVfZk=
-8,-12,TfE/zPcBh1A3l4lnKqxaomlAsS8=,NXBrBc9JbovKMZJjzoj20XxSO2I=
-9,-11,TfE/zPcBh1A3l4lnKqxaomlAsS8=,n/+9SIqFLUkPdL+Z/X5aTWehyIE=
-9,-12,TfE/zPcBh1A3l4lnKqxaomlAsS8=,n/+9SIqFLUkPdL+Z/X5aTWehyIE=
-8,-11,TfE/zPcBh1A3l4lnKqxaomlAsS8=,NXBrBc9JbovKMZJjzoj20XxSO2I=
-6,-10,TfE/zPcBh1A3l4lnKqxaomlAsS8=,GhAICTVXYVfP1L1mNL/xNDgZnSE=
-7,-10,TfE/zPcBh1A3l4lnKqxaomlAsS8=,qSedGuiMXzfuqcaVbBjmSygVqGg=
-7,-11,TfE/zPcBh1A3l4lnKqxaomlAsS8=,NXBrBc9JbovKMZJjzoj20XxSO2I=
-6,-11,TfE/zPcBh1A3l4lnKqxaomlAsS8=,JBh9Fx0PhnSsE83smnuebjEVl0A=
-6,-6,TfE/zPcBh1A3l4lnKqxaomlAsS8=,tgF7ECA4EsN2qMQK8zDxQ7wDO4U=
-7,-7,TfE/zPcBh1A3l4lnKqxaomlAsS8=,ojZZp50+QFnevK4FVd/zBMpl5fc=
-7,-6,TfE/zPcBh1A3l4lnKqxaomlAsS8=,lioIL8yMM8bCyZ4o9eDK3xCxkO0=
-6,-7,TfE/zPcBh1A3l4lnKqxaomlAsS8=,t5cs3h/vkmBw29IjOC55LhXmzU8=
-4,-6,Mav8CJ64ia3iNQABkrgjEObTPBY=,qvDApM86fpKvB9pvy6V/RAkyPJU=
-5,-6,Mav8CJ64ia3iNQABkrgjEObTPBY=,tgF7ECA4EsN2qMQK8zDxQ7wDO4U=
-4,-7,Mav8CJ64ia3iNQABkrgjEObTPBY=,DXG1lfACctHIwotbgmJqUDej+bs=
-5,-7,Mav8CJ64ia3iNQABkrgjEObTPBY=,t5cs3h/vkmBw29IjOC55LhXmzU8=
-3,-6,Mav8CJ64ia3iNQABkrgjEObTPBY=,qvDApM86fpKvB9pvy6V/RAkyPJU=
-3,-7,Mav8CJ64ia3iNQABkrgjEObTPBY=,DXG1lfACctHIwotbgmJqUDej+bs=
-2,-6,Mav8CJ64ia3iNQABkrgjEObTPBY=,bioqXpU231A3zicpHKIvJ6dfBOc=
-2,-7,Mav8CJ64ia3iNQABkrgjEObTPBY=,JTlWeJiZ3eFxvfvC+k1fJip9Dzc=
-3,-5,98DgCFsCNYZ+5vgwoXIH1s3kHvw=,qvDApM86fpKvB9pvy6V/RAkyPJU=
-2,-5,98DgCFsCNYZ+5vgwoXIH1s3kHvw=,bioqXpU231A3zicpHKIvJ6dfBOc=
-2,-4,98DgCFsCNYZ+5vgwoXIH1s3kHvw=,ppJ9eqPf+Ul/3axQhKtwlcPUeqY=
-3,-4,zl6MOpeb5Y4Qjje2QZM7N+B6iFA=,wcg1OYE7MKtTF5wv8frhQRoXyEo=
-3,-2,V6whNzQaHv1z8ov0+4DoPes4G04=,imFeihFsnH5qUC+F5IrcUZK8v7s=
-2,-3,V6whNzQaHv1z8ov0+4DoPes4G04=,ppJ9eqPf+Ul/3axQhKtwlcPUeqY=
-3,-3,V6whNzQaHv1z8ov0+4DoPes4G04=,wcg1OYE7MKtTF5wv8frhQRoXyEo=
-2,-2,V6whNzQaHv1z8ov0+4DoPes4G04=,wsaY6gc4GP7rcVMekyhYNrq+33I=
-5,-4,V6whNzQaHv1z8ov0+4DoPes4G04=,gXuiL633D0GHbU5CUzjizzjXktU=
-4,-5,V6whNzQaHv1z8ov0+4DoPes4G04=,qvDApM86fpKvB9pvy6V/RAkyPJU=
-5,-5,V6whNzQaHv1z8ov0+4DoPes4G04=,tgF7ECA4EsN2qMQK8zDxQ7wDO4U=
-4,-4,V6whNzQaHv1z8ov0+4DoPes4G04=,wcg1OYE7MKtTF5wv8frhQRoXyEo=
-5,-3,V6whNzQaHv1z8ov0+4DoPes4G04=,gXuiL633D0GHbU5CUzjizzjXktU=
-5,-2,V6whNzQaHv1z8ov0+4DoPes4G04=,67K7vOcAiD3JWtpk6GWxdDgeiLQ=
-4,-3,jvihOyndxfZ3x7t2iEyRAMI8nIo=,wcg1OYE7MKtTF5wv8frhQRoXyEo=
-4,-2,jvihOyndxfZ3x7t2iEyRAMI8nIo=,imFeihFsnH5qUC+F5IrcUZK8v7s=
-6,-3,jvihOyndxfZ3x7t2iEyRAMI8nIo=,gXuiL633D0GHbU5CUzjizzjXktU=
-6,-4,jvihOyndxfZ3x7t2iEyRAMI8nIo=,gXuiL633D0GHbU5CUzjizzjXktU=
-7,-3,jvihOyndxfZ3x7t2iEyRAMI8nIo=,Slh3IU2WjDmYExLxU8oB7l6gFSg=
-6,-2,jvihOyndxfZ3x7t2iEyRAMI8nIo=,67K7vOcAiD3JWtpk6GWxdDgeiLQ=
-7,-4,jvihOyndxfZ3x7t2iEyRAMI8nIo=,Slh3IU2WjDmYExLxU8oB7l6gFSg=
-7,-2,jvihOyndxfZ3x7t2iEyRAMI8nIo=,igzSc4UqrabvByotCUitLN6HRlc=
-6,-5,jvihOyndxfZ3x7t2iEyRAMI8nIo=,tgF7ECA4EsN2qMQK8zDxQ7wDO4U=
-7,-5,jvihOyndxfZ3x7t2iEyRAMI8nIo=,lioIL8yMM8bCyZ4o9eDK3xCxkO0=
-10,-5,3eoeq8cQKrgoiHdaITwDA85YI/Q=,mwejeOR7FcKkccIxzgFqNs4TI3k=
-9,-5,3eoeq8cQKrgoiHdaITwDA85YI/Q=,mwejeOR7FcKkccIxzgFqNs4TI3k=
-9,-4,3eoeq8cQKrgoiHdaITwDA85YI/Q=,T2ckwGi0vj3h5FqV48cJp2ixgEA=
-8,-5,3eoeq8cQKrgoiHdaITwDA85YI/Q=,lioIL8yMM8bCyZ4o9eDK3xCxkO0=
-10,-4,3eoeq8cQKrgoiHdaITwDA85YI/Q=,T2ckwGi0vj3h5FqV48cJp2ixgEA=
-8,-4,3eoeq8cQKrgoiHdaITwDA85YI/Q=,Slh3IU2WjDmYExLxU8oB7l6gFSg=
-11,-4,3eoeq8cQKrgoiHdaITwDA85YI/Q=,VwKGgpXW7dJqK/XLqoBP4FkZ0So=
-11,-5,3eoeq8cQKrgoiHdaITwDA85YI/Q=,aGRgZXErk5MBGKoQwr/1WQN6zFg=
-8,-3,3eoeq8cQKrgoiHdaITwDA85YI/Q=,Slh3IU2WjDmYExLxU8oB7l6gFSg=
-10,-2,3eoeq8cQKrgoiHdaITwDA85YI/Q=,rbkliSGqs9SPcPXbTuOEXmnk5jQ=
-9,-1,3eoeq8cQKrgoiHdaITwDA85YI/Q=,rbkliSGqs9SPcPXbTuOEXmnk5jQ=
-8,-1,3eoeq8cQKrgoiHdaITwDA85YI/Q=,igzSc4UqrabvByotCUitLN6HRlc=
-15,-4,3eoeq8cQKrgoiHdaITwDA85YI/Q=,GEhuO/OUyglGo0XIGQV0esVHVxc=
-14,-5,4Ac+dXecABjhNuVDenXb8G9M8zg=,+K+0rxPEedbI1yP68fK7AHpACgM=
-15,-5,4Ac+dXecABjhNuVDenXb8G9M8zg=,O6yWR37aCPESG4LROwXc5+DToVg=
-8,-2,4Ac+dXecABjhNuVDenXb8G9M8zg=,igzSc4UqrabvByotCUitLN6HRlc=
-9,-3,4Ac+dXecABjhNuVDenXb8G9M8zg=,T2ckwGi0vj3h5FqV48cJp2ixgEA=
-11,-3,4Ac+dXecABjhNuVDenXb8G9M8zg=,VwKGgpXW7dJqK/XLqoBP4FkZ0So=
-10,-3,4Ac+dXecABjhNuVDenXb8G9M8zg=,T2ckwGi0vj3h5FqV48cJp2ixgEA=
-14,-4,4Ac+dXecABjhNuVDenXb8G9M8zg=,ZfcontK1/JhPJINOmGrF2KR2Vqk=
-15,-1,4Ac+dXecABjhNuVDenXb8G9M8zg=,zj2AQ3ZllSFrgcqhYlw7NLHf/ds=
-15,-8,4Ac+dXecABjhNuVDenXb8G9M8zg=,KV7G5gBB1t9xiLQ1reX9noID1rk=
-14,-7,4Ac+dXecABjhNuVDenXb8G9M8zg=,0cki/qVBO82PWuvbZyojpamEBSA=
-15,-9,4Ac+dXecABjhNuVDenXb8G9M8zg=,AwOEEtC8cQ6NsGcuBdW3CXKanWs=
-15,-7,4Ac+dXecABjhNuVDenXb8G9M8zg=,KV7G5gBB1t9xiLQ1reX9noID1rk=
-15,-6,4Ac+dXecABjhNuVDenXb8G9M8zg=,O6yWR37aCPESG4LROwXc5+DToVg=
-14,-8,4Ac+dXecABjhNuVDenXb8G9M8zg=,0cki/qVBO82PWuvbZyojpamEBSA=
-14,-6,4Ac+dXecABjhNuVDenXb8G9M8zg=,+K+0rxPEedbI1yP68fK7AHpACgM=
-14,-1,4Ac+dXecABjhNuVDenXb8G9M8zg=,ZwYSa/Dp+RpGRIrcKLI2IPeUOT0=
-14,-9,4Ac+dXecABjhNuVDenXb8G9M8zg=,6/h8f5zp77gX+Wf47o6Lu6LabfY=
-11,-2,4Ac+dXecABjhNuVDenXb8G9M8zg=,BDFw7+rfMgUTPs8Jted3HwrzP/k=
-9,-2,4Ac+dXecABjhNuVDenXb8G9M8zg=,rbkliSGqs9SPcPXbTuOEXmnk5jQ=
-16,-3,4Ac+dXecABjhNuVDenXb8G9M8zg=,GEhuO/OUyglGo0XIGQV0esVHVxc=
-16,-1,4Ac+dXecABjhNuVDenXb8G9M8zg=,zj2AQ3ZllSFrgcqhYlw7NLHf/ds=
-13,-1,4Ac+dXecABjhNuVDenXb8G9M8zg=,ZwYSa/Dp+RpGRIrcKLI2IPeUOT0=
-16,-2,4Ac+dXecABjhNuVDenXb8G9M8zg=,zj2AQ3ZllSFrgcqhYlw7NLHf/ds=
-14,-16,4Ac+dXecABjhNuVDenXb8G9M8zg=,IHOXRvxjGU10oP5un+SBixrbSac=
-16,-14,4Ac+dXecABjhNuVDenXb8G9M8zg=,xvBtfExz+cdHXv+dCzWeiVXPWHY=
-16,-15,4Ac+dXecABjhNuVDenXb8G9M8zg=,p0wKbMJsgiYOXFbKfVXK6veE/js=
-16,-16,4Ac+dXecABjhNuVDenXb8G9M8zg=,p0wKbMJsgiYOXFbKfVXK6veE/js=
-15,-16,4Ac+dXecABjhNuVDenXb8G9M8zg=,p0wKbMJsgiYOXFbKfVXK6veE/js=
-15,-14,4Ac+dXecABjhNuVDenXb8G9M8zg=,xvBtfExz+cdHXv+dCzWeiVXPWHY=
-15,-15,4Ac+dXecABjhNuVDenXb8G9M8zg=,p0wKbMJsgiYOXFbKfVXK6veE/js=
-12,-1,4Ac+dXecABjhNuVDenXb8G9M8zg=,BDFw7+rfMgUTPs8Jted3HwrzP/k=
-14,-14,4Ac+dXecABjhNuVDenXb8G9M8zg=,saFWxYuIiRf6oJM0k9bo28mGksU=
-14,-15,4Ac+dXecABjhNuVDenXb8G9M8zg=,IHOXRvxjGU10oP5un+SBixrbSac=
-11,-1,4Ac+dXecABjhNuVDenXb8G9M8zg=,BDFw7+rfMgUTPs8Jted3HwrzP/k=
-10,-1,4Ac+dXecABjhNuVDenXb8G9M8zg=,rbkliSGqs9SPcPXbTuOEXmnk5jQ=
-4,-10,/9gjgCVAmBEX6q6L3xaFMLTWDqc=,88XtJf1EblTrbOSxKM4vYAh+jfQ=
-5,-11,/9gjgCVAmBEX6q6L3xaFMLTWDqc=,JBh9Fx0PhnSsE83smnuebjEVl0A=
-5,-10,/9gjgCVAmBEX6q6L3xaFMLTWDqc=,GhAICTVXYVfP1L1mNL/xNDgZnSE=
-4,-9,/9gjgCVAmBEX6q6L3xaFMLTWDqc=,88XtJf1EblTrbOSxKM4vYAh+jfQ=
-4,-8,/9gjgCVAmBEX6q6L3xaFMLTWDqc=,DXG1lfACctHIwotbgmJqUDej+bs=
-5,-8,/9gjgCVAmBEX6q6L3xaFMLTWDqc=,t5cs3h/vkmBw29IjOC55LhXmzU8=
-5,-9,/Su+LYPfFCFjliRlD1vgfiDwkns=,GhAICTVXYVfP1L1mNL/xNDgZnSE=
-2,-8,/Su+LYPfFCFjliRlD1vgfiDwkns=,JTlWeJiZ3eFxvfvC+k1fJip9Dzc=
-3,-10,/Su+LYPfFCFjliRlD1vgfiDwkns=,88XtJf1EblTrbOSxKM4vYAh+jfQ=
-3,-9,/Su+LYPfFCFjliRlD1vgfiDwkns=,88XtJf1EblTrbOSxKM4vYAh+jfQ=
-3,-8,/Su+LYPfFCFjliRlD1vgfiDwkns=,DXG1lfACctHIwotbgmJqUDej+bs=
-2,-11,/Su+LYPfFCFjliRlD1vgfiDwkns=,VFs6VjLlTfoanYRm8RMz+kAmUnE=
-2,-10,/Su+LYPfFCFjliRlD1vgfiDwkns=,zdOqwfeSSAwoJrdm3SzVROiQu44=
-2,-9,/Su+LYPfFCFjliRlD1vgfiDwkns=,zdOqwfeSSAwoJrdm3SzVROiQu44=
-2,-15,/Su+LYPfFCFjliRlD1vgfiDwkns=,r0tdyx0nOBNQfRlRNsZYmKLiK2I=
-2,-14,/Su+LYPfFCFjliRlD1vgfiDwkns=,bsCYy/YTsH943YTmXIwpIYh/nas=
-2,-13,jZNiEmP0V4zuWtj3GQSsdWmJ7q0=,bsCYy/YTsH943YTmXIwpIYh/nas=
-2,-12,jZNiEmP0V4zuWtj3GQSsdWmJ7q0=,VFs6VjLlTfoanYRm8RMz+kAmUnE=
-2,-16,jZNiEmP0V4zuWtj3GQSsdWmJ7q0=,r0tdyx0nOBNQfRlRNsZYmKLiK2I=
-1,-16,jZNiEmP0V4zuWtj3GQSsdWmJ7q0=,r0tdyx0nOBNQfRlRNsZYmKLiK2I=
-1,-12,jZNiEmP0V4zuWtj3GQSsdWmJ7q0=,VFs6VjLlTfoanYRm8RMz+kAmUnE=
-1,-10,jZNiEmP0V4zuWtj3GQSsdWmJ7q0=,zdOqwfeSSAwoJrdm3SzVROiQu44=
-1,-13,jZNiEmP0V4zuWtj3GQSsdWmJ7q0=,bsCYy/YTsH943YTmXIwpIYh/nas=
-1,-11,jZNiEmP0V4zuWtj3GQSsdWmJ7q0=,VFs6VjLlTfoanYRm8RMz+kAmUnE=
-1,-15,jZNiEmP0V4zuWtj3GQSsdWmJ7q0=,r0tdyx0nOBNQfRlRNsZYmKLiK2I=
-1,-14,jZNiEmP0V4zuWtj3GQSsdWmJ7q0=,bsCYy/YTsH943YTmXIwpIYh/nas=
-1,-6,kBja03FFlmhuccAlbiZEaMcO3Z4=,bioqXpU231A3zicpHKIvJ6dfBOc=
-1,-8,kBja03FFlmhuccAlbiZEaMcO3Z4=,JTlWeJiZ3eFxvfvC+k1fJip9Dzc=
-1,-7,kBja03FFlmhuccAlbiZEaMcO3Z4=,JTlWeJiZ3eFxvfvC+k1fJip9Dzc=
-1,-5,kBja03FFlmhuccAlbiZEaMcO3Z4=,bioqXpU231A3zicpHKIvJ6dfBOc=
-1,-9,kBja03FFlmhuccAlbiZEaMcO3Z4=,zdOqwfeSSAwoJrdm3SzVROiQu44=
-1,-4,kBja03FFlmhuccAlbiZEaMcO3Z4=,ppJ9eqPf+Ul/3axQhKtwlcPUeqY=
-8,-14,kBja03FFlmhuccAlbiZEaMcO3Z4=,dV32TQOgMMOjRygi3Qdv0QZ+VEM=
-9,-15,kBja03FFlmhuccAlbiZEaMcO3Z4=,OifYlB+/+7EkAp6Ce1hjdaQLoQw=
-10,-16,OFyBbJEq0mOgjwBLBfvIJLiX+hY=,OifYlB+/+7EkAp6Ce1hjdaQLoQw=
-12,-16,OFyBbJEq0mOgjwBLBfvIJLiX+hY=,RoC2uPUHTuFo/JHIiC2TrbB5VkA=
-9,-14,OFyBbJEq0mOgjwBLBfvIJLiX+hY=,j8YPLBePecchUoNdWtlM5LpVfZk=
-11,-16,OFyBbJEq0mOgjwBLBfvIJLiX+hY=,RoC2uPUHTuFo/JHIiC2TrbB5VkA=
-13,-16,OFyBbJEq0mOgjwBLBfvIJLiX+hY=,IHOXRvxjGU10oP5un+SBixrbSac=
-16,-13,OFyBbJEq0mOgjwBLBfvIJLiX+hY=,xvBtfExz+cdHXv+dCzWeiVXPWHY=
-16,-12,OFyBbJEq0mOgjwBLBfvIJLiX+hY=,EQhh44hXHF0K1gFSle3PHakW5AI=
-1,-3,OFyBbJEq0mOgjwBLBfvIJLiX+hY=,ppJ9eqPf+Ul/3axQhKtwlcPUeqY=
-5,-13,OFyBbJEq0mOgjwBLBfvIJLiX+hY=,m6QlUIt4ZimZrN+lgNqYLPT9+Pg=
-6,-14,OFyBbJEq0mOgjwBLBfvIJLiX+hY=,m6QlUIt4ZimZrN+lgNqYLPT9+Pg=
-5,-14,OFyBbJEq0mOgjwBLBfvIJLiX+hY=,m6QlUIt4ZimZrN+lgNqYLPT9+Pg=
-7,-14,OFyBbJEq0mOgjwBLBfvIJLiX+hY=,dV32TQOgMMOjRygi3Qdv0QZ+VEM=
-16,-9,OFyBbJEq0mOgjwBLBfvIJLiX+hY=,AwOEEtC8cQ6NsGcuBdW3CXKanWs=
-16,-11,OFyBbJEq0mOgjwBLBfvIJLiX+hY=,EQhh44hXHF0K1gFSle3PHakW5AI=
-6,-13,OFyBbJEq0mOgjwBLBfvIJLiX+hY=,m6QlUIt4ZimZrN+lgNqYLPT9+Pg=
-16,-8,OFyBbJEq0mOgjwBLBfvIJLiX+hY=,KV7G5gBB1t9xiLQ1reX9noID1rk=
-16,-10,OFyBbJEq0mOgjwBLBfvIJLiX+hY=,AwOEEtC8cQ6NsGcuBdW3CXKanWs=
-10,-15,OFyBbJEq0mOgjwBLBfvIJLiX+hY=,OifYlB+/+7EkAp6Ce1hjdaQLoQw=
-16,-5,OFyBbJEq0mOgjwBLBfvIJLiX+hY=,O6yWR37aCPESG4LROwXc5+DToVg=
-16,-4,OFyBbJEq0mOgjwBLBfvIJLiX+hY=,GEhuO/OUyglGo0XIGQV0esVHVxc=
-9,-16,OFyBbJEq0mOgjwBLBfvIJLiX+hY=,OifYlB+/+7EkAp6Ce1hjdaQLoQw=
-7,-13,OFyBbJEq0mOgjwBLBfvIJLiX+hY=,dV32TQOgMMOjRygi3Qdv0QZ+VEM=
-11,-15,OFyBbJEq0mOgjwBLBfvIJLiX+hY=,RoC2uPUHTuFo/JHIiC2TrbB5VkA=
-5,-12,OFyBbJEq0mOgjwBLBfvIJLiX+hY=,JBh9Fx0PhnSsE83smnuebjEVl0A=
-1,-2,OFyBbJEq0mOgjwBLBfvIJLiX+hY=,wsaY6gc4GP7rcVMekyhYNrq+33I=
-10,-14,OFyBbJEq0mOgjwBLBfvIJLiX+hY=,j8YPLBePecchUoNdWtlM5LpVfZk=
-11,-14,OFyBbJEq0mOgjwBLBfvIJLiX+hY=,PwbEsuP07+EMPtgUJfLlwkJNZDo=
-6,-12,OFyBbJEq0mOgjwBLBfvIJLiX+hY=,JBh9Fx0PhnSsE83smnuebjEVl0A=
-7,-12,OFyBbJEq0mOgjwBLBfvIJLiX+hY=,NXBrBc9JbovKMZJjzoj20XxSO2I=
-7,-1,OFyBbJEq0mOgjwBLBfvIJLiX+hY=,igzSc4UqrabvByotCUitLN6HRlc=
-6,-1,OFyBbJEq0mOgjwBLBfvIJLiX+hY=,67K7vOcAiD3JWtpk6GWxdDgeiLQ=
-5,-1,OFyBbJEq0mOgjwBLBfvIJLiX+hY=,67K7vOcAiD3JWtpk6GWxdDgeiLQ=
-3,-1,OFyBbJEq0mOgjwBLBfvIJLiX+hY=,imFeihFsnH5qUC+F5IrcUZK8v7s=
-2,-1,OFyBbJEq0mOgjwBLBfvIJLiX+hY=,wsaY6gc4GP7rcVMekyhYNrq+33I=
-4,-1,ec8eedsnyo/PUFC/WlrKRECDib4=,imFeihFsnH5qUC+F5IrcUZK8v7s=
-1,-1,ec8eedsnyo/PUFC/WlrKRECDib4=,wsaY6gc4GP7rcVMekyhYNrq+33I=
-14,-19,ec8eedsnyo/PUFC/WlrKRECDib4=,6RSKELTOAUG6DhRnVVicFNlDg9Q=
-15,-19,ec8eedsnyo/PUFC/WlrKRECDib4=,ICkQ2oMudHwzXC8reLOs/OI8Rz4=
-13,-20,ec8eedsnyo/PUFC/WlrKRECDib4=,6RSKELTOAUG6DhRnVVicFNlDg9Q=
-13,-19,ec8eedsnyo/PUFC/WlrKRECDib4=,6RSKELTOAUG6DhRnVVicFNlDg9Q=
-12,-19,ec8eedsnyo/PUFC/WlrKRECDib4=,Ahy2NAxOgxMlaL7/w6j8Mwb8Cj8=
-12,-20,ec8eedsnyo/PUFC/WlrKRECDib4=,Ahy2NAxOgxMlaL7/w6j8Mwb8Cj8=
-11,-20,ec8eedsnyo/PUFC/WlrKRECDib4=,Ahy2NAxOgxMlaL7/w6j8Mwb8Cj8=
-14,-20,ec8eedsnyo/PUFC/WlrKRECDib4=,6RSKELTOAUG6DhRnVVicFNlDg9Q=
-15,-20,ec8eedsnyo/PUFC/WlrKRECDib4=,ICkQ2oMudHwzXC8reLOs/OI8Rz4=
-16,-19,dpwTZWB0uA9VZqwsMtQRO9uUwg4=,ICkQ2oMudHwzXC8reLOs/OI8Rz4=
-16,-20,dpwTZWB0uA9VZqwsMtQRO9uUwg4=,ICkQ2oMudHwzXC8reLOs/OI8Rz4=
-2,-18,dpwTZWB0uA9VZqwsMtQRO9uUwg4=,Br4OxVTAPTwvWnMUHMN+/BBfvvc=
-2,-19,dpwTZWB0uA9VZqwsMtQRO9uUwg4=,bkneHURCbTDeRQCZLCT+qmawSIk=
-2,-17,dpwTZWB0uA9VZqwsMtQRO9uUwg4=,Br4OxVTAPTwvWnMUHMN+/BBfvvc=
-11,-19,dpwTZWB0uA9VZqwsMtQRO9uUwg4=,Ahy2NAxOgxMlaL7/w6j8Mwb8Cj8=
-2,-20,dpwTZWB0uA9VZqwsMtQRO9uUwg4=,bkneHURCbTDeRQCZLCT+qmawSIk=
-1,-18,dpwTZWB0uA9VZqwsMtQRO9uUwg4=,Br4OxVTAPTwvWnMUHMN+/BBfvvc=
-1,-17,dpwTZWB0uA9VZqwsMtQRO9uUwg4=,Br4OxVTAPTwvWnMUHMN+/BBfvvc=
-1,-19,dpwTZWB0uA9VZqwsMtQRO9uUwg4=,bkneHURCbTDeRQCZLCT+qmawSIk=
-1,-20,dpwTZWB0uA9VZqwsMtQRO9uUwg4=,bkneHURCbTDeRQCZLCT+qmawSIk=
-20,-17,ZF1RWkCpoE6djVAdghYtYyWuW/k=,xf5W1cdWDk6k8jqz3jY+oDTfITc=
-20,-18,ZF1RWkCpoE6djVAdghYtYyWuW/k=,xf5W1cdWDk6k8jqz3jY+oDTfITc=
-19,-17,ZF1RWkCpoE6djVAdghYtYyWuW/k=,xf5W1cdWDk6k8jqz3jY+oDTfITc=
-18,-17,ZF1RWkCpoE6djVAdghYtYyWuW/k=,KFWgRuFQe2hPms5q9fx1Yumxk6k=
-18,-20,ZF1RWkCpoE6djVAdghYtYyWuW/k=,l6MiKfpTZ9iQ4UHYER2sdS7A6XQ=
-17,-17,ZF1RWkCpoE6djVAdghYtYyWuW/k=,KFWgRuFQe2hPms5q9fx1Yumxk6k=
-17,-20,ZF1RWkCpoE6djVAdghYtYyWuW/k=,l6MiKfpTZ9iQ4UHYER2sdS7A6XQ=
-17,-18,ZF1RWkCpoE6djVAdghYtYyWuW/k=,KFWgRuFQe2hPms5q9fx1Yumxk6k=
-19,-18,ZF1RWkCpoE6djVAdghYtYyWuW/k=,xf5W1cdWDk6k8jqz3jY+oDTfITc=
-18,-19,ZF1RWkCpoE6djVAdghYtYyWuW/k=,l6MiKfpTZ9iQ4UHYER2sdS7A6XQ=
-17,-19,ZF1RWkCpoE6djVAdghYtYyWuW/k=,l6MiKfpTZ9iQ4UHYER2sdS7A6XQ=
-18,-18,ZF1RWkCpoE6djVAdghYtYyWuW/k=,KFWgRuFQe2hPms5q9fx1Yumxk6k=
-17,-4,UxRuFIXAfuxVNmZyWhc7d7Q7N0Y=,+ereTmJbjhR3L/A/B4zIBIvxMX4=
-18,-4,UxRuFIXAfuxVNmZyWhc7d7Q7N0Y=,+ereTmJbjhR3L/A/B4zIBIvxMX4=
-18,-3,UxRuFIXAfuxVNmZyWhc7d7Q7N0Y=,+ereTmJbjhR3L/A/B4zIBIvxMX4=
-20,-2,UxRuFIXAfuxVNmZyWhc7d7Q7N0Y=,X3APsB2F1cL0iyOdT9eIt4poSHU=
-19,-2,UxRuFIXAfuxVNmZyWhc7d7Q7N0Y=,X3APsB2F1cL0iyOdT9eIt4poSHU=
-17,-3,UxRuFIXAfuxVNmZyWhc7d7Q7N0Y=,+ereTmJbjhR3L/A/B4zIBIvxMX4=
-18,-2,UxRuFIXAfuxVNmZyWhc7d7Q7N0Y=,/2grOTrlbRBfvt5vzS5eezPfzhY=
-19,-1,UxRuFIXAfuxVNmZyWhc7d7Q7N0Y=,X3APsB2F1cL0iyOdT9eIt4poSHU=
-20,-1,UxRuFIXAfuxVNmZyWhc7d7Q7N0Y=,X3APsB2F1cL0iyOdT9eIt4poSHU=
-17,-2,UxRuFIXAfuxVNmZyWhc7d7Q7N0Y=,/2grOTrlbRBfvt5vzS5eezPfzhY=
-17,-1,UxRuFIXAfuxVNmZyWhc7d7Q7N0Y=,/2grOTrlbRBfvt5vzS5eezPfzhY=
-18,-1,UxRuFIXAfuxVNmZyWhc7d7Q7N0Y=,/2grOTrlbRBfvt5vzS5eezPfzhY=
