2,2,D2IIJ9ApR1j9S6kF5/ZE4RHei0w=,N+R9nFXcDhdiuKKZs1A51LjeV6c=
2,1,D2IIJ9ApR1j9S6kF5/ZE4RHei0w=,BcULEhtHvEplWSRmj9ZNAaldS/w=
1,2,D2IIJ9ApR1j9S6kF5/ZE4RHei0w=,zYv9FjUMB9m0gf+YT6wYBym2GGc=
1,1,D2IIJ9ApR1j9S6kF5/ZE4RHei0w=,KKgB+uIpYEpUsyj0jVCER0fHlCA=
1,4,IZOvCGTNO/CXg6CYiXv6F5//plw=,iU11mKLwPQczy4hAUt8QFf0e/nk=
2,4,IZOvCGTNO/CXg6CYiXv6F5//plw=,Di+ZynuLDiqMcyr0lQKrG00eB0Q=
2,3,IZOvCGTNO/CXg6CYiXv6F5//plw=,N+R9nFXcDhdiuKKZs1A51LjeV6c=
1,3,IZOvCGTNO/CXg6CYiXv6F5//plw=,zYv9FjUMB9m0gf+YT6wYBym2GGc=
2,6,YC4oZsNOImj9A613Gvs7nhBGAyA=,TgDUq8ziKbfnlu1wlcQ0iYPetTU=
1,6,YC4oZsNOImj9A613Gvs7nhBGAyA=,ltwJiy6jZxz5I0RYWXTPQhDXCJ0=
2,5,YC4oZsNOImj9A613Gvs7nhBGAyA=,Di+ZynuLDiqMcyr0lQKrG00eB0Q=
1,5,YC4oZsNOImj9A613Gvs7nhBGAyA=,iU11mKLwPQczy4hAUt8QFf0e/nk=
2,8,26IPkEhG1iyjsHCho0Soo+oN2W8=,vXEcW2jMY6OyPRtMptKcWIRgef0=
1,8,26IPkEhG1iyjsHCho0Soo+oN2W8=,2N0+oEztHIWP11XCDJMXv6Pspx4=
2,7,26IPkEhG1iyjsHCho0Soo+oN2W8=,TgDUq8ziKbfnlu1wlcQ0iYPetTU=
1,7,26IPkEhG1iyjsHCho0Soo+oN2W8=,ltwJiy6jZxz5I0RYWXTPQhDXCJ0=
4,9,FoP9OPpgbB2qpYKY7ZbOCrGatoI=,tR0tOF3qkxNWoN9bORqhdGlTa3I=
4,10,FoP9OPpgbB2qpYKY7ZbOCrGatoI=,yhG6Qh8/kEgF8k/I/HrQXIhTnGo=
3,9,FoP9OPpgbB2qpYKY7ZbOCrGatoI=,vXEcW2jMY6OyPRtMptKcWIRgef0=
3,10,FoP9OPpgbB2qpYKY7ZbOCrGatoI=,O/enWlnQ+UGrBViPrqcoHjMG0+A=
2,9,FoP9OPpgbB2qpYKY7ZbOCrGatoI=,vXEcW2jMY6OyPRtMptKcWIRgef0=
1,9,FoP9OPpgbB2qpYKY7ZbOCrGatoI=,2N0+oEztHIWP11XCDJMXv6Pspx4=
1,10,E+B6EoCJ2LO4ER4FZt0+OZJjlEc=,qv7saCKcSeUG5BH3YaEeub5SMTc=
5,9,E+B6EoCJ2LO4ER4FZt0+OZJjlEc=,tR0tOF3qkxNWoN9bORqhdGlTa3I=
6,9,E+B6EoCJ2LO4ER4FZt0+OZJjlEc=,ywa3kxFFOuweWDXgRllW+tqR37k=
2,10,E+B6EoCJ2LO4ER4FZt0+OZJjlEc=,O/enWlnQ+UGrBViPrqcoHjMG0+A=
5,10,E+B6EoCJ2LO4ER4FZt0+OZJjlEc=,yhG6Qh8/kEgF8k/I/HrQXIhTnGo=
6,10,E+B6EoCJ2LO4ER4FZt0+OZJjlEc=,MKs0+HCJggxCGeF2xt5Wftv7Biw=
2,12,E+B6EoCJ2LO4ER4FZt0+OZJjlEc=,WS8I+gZS/D65uBiiGf5RicBzA2k=
1,12,fuYjdv1Ew7tlWC2TFWNenSigtc8=,Oph6yrmSSMECQ0qGYJhY37nYsAU=
2,11,fuYjdv1Ew7tlWC2TFWNenSigtc8=,O/enWlnQ+UGrBViPrqcoHjMG0+A=
1,11,fuYjdv1Ew7tlWC2TFWNenSigtc8=,qv7saCKcSeUG5BH3YaEeub5SMTc=
4,8,fuYjdv1Ew7tlWC2TFWNenSigtc8=,tR0tOF3qkxNWoN9bORqhdGlTa3I=
3,7,fuYjdv1Ew7tlWC2TFWNenSigtc8=,TgDUq8ziKbfnlu1wlcQ0iYPetTU=
3,8,fuYjdv1Ew7tlWC2TFWNenSigtc8=,vXEcW2jMY6OyPRtMptKcWIRgef0=
4,7,owbZKT5DAcH2bv7mzICndBPuKbk=,pOzhv+7q4+fspAdKI6xz8kyHwas=
5,8,owbZKT5DAcH2bv7mzICndBPuKbk=,tR0tOF3qkxNWoN9bORqhdGlTa3I=
6,8,owbZKT5DAcH2bv7mzICndBPuKbk=,ywa3kxFFOuweWDXgRllW+tqR37k=
5,7,owbZKT5DAcH2bv7mzICndBPuKbk=,pOzhv+7q4+fspAdKI6xz8kyHwas=
6,7,owbZKT5DAcH2bv7mzICndBPuKbk=,+Eqk42GiCmS4e0zkx0qmaVoZQ64=
4,5,Xv1GwUGL8o5mdN0rL9xZHMLljfk=,+emSbRrKsVHYYk23Na1rz+poagc=
4,6,Xv1GwUGL8o5mdN0rL9xZHMLljfk=,pOzhv+7q4+fspAdKI6xz8kyHwas=
3,5,Xv1GwUGL8o5mdN0rL9xZHMLljfk=,Di+ZynuLDiqMcyr0lQKrG00eB0Q=
3,6,Xv1GwUGL8o5mdN0rL9xZHMLljfk=,TgDUq8ziKbfnlu1wlcQ0iYPetTU=
5,6,kLY/QjfPeZ9AM8V0ySUga6QRHJ4=,pOzhv+7q4+fspAdKI6xz8kyHwas=
6,6,kLY/QjfPeZ9AM8V0ySUga6QRHJ4=,+Eqk42GiCmS4e0zkx0qmaVoZQ64=
5,5,kLY/QjfPeZ9AM8V0ySUga6QRHJ4=,+emSbRrKsVHYYk23Na1rz+poagc=
6,5,kLY/QjfPeZ9AM8V0ySUga6QRHJ4=,tU/AU1F4F9xs0JvSx98dBoi557E=
3,4,mxrAWCgqnu1P9wxL6tFmsaMmxx8=,Di+ZynuLDiqMcyr0lQKrG00eB0Q=
4,3,mxrAWCgqnu1P9wxL6tFmsaMmxx8=,MFemYxK+30djnuBFyi2N+qSlx30=
3,3,mxrAWCgqnu1P9wxL6tFmsaMmxx8=,N+R9nFXcDhdiuKKZs1A51LjeV6c=
4,4,mxrAWCgqnu1P9wxL6tFmsaMmxx8=,+emSbRrKsVHYYk23Na1rz+poagc=
5,3,mxrAWCgqnu1P9wxL6tFmsaMmxx8=,MFemYxK+30djnuBFyi2N+qSlx30=
6,3,mxrAWCgqnu1P9wxL6tFmsaMmxx8=,ol5Tnf2qqCQOXQmOL7y2i+gBCw4=
3,1,mxrAWCgqnu1P9wxL6tFmsaMmxx8=,BcULEhtHvEplWSRmj9ZNAaldS/w=
6,4,mxrAWCgqnu1P9wxL6tFmsaMmxx8=,tU/AU1F4F9xs0JvSx98dBoi557E=
4,1,mxrAWCgqnu1P9wxL6tFmsaMmxx8=,P8ZX+QZmk61LG2+mvm/PEkh9H1Q=
3,2,699h9NO+BjlEghWfTt2xonokpH4=,N+R9nFXcDhdiuKKZs1A51LjeV6c=
4,2,699h9NO+BjlEghWfTt2xonokpH4=,MFemYxK+30djnuBFyi2N+qSlx30=
5,4,699h9NO+BjlEghWfTt2xonokpH4=,+emSbRrKsVHYYk23Na1rz+poagc=
5,1,VneTkt/CVr1BvHEl+NAC1aztFKg=,P8ZX+QZmk61LG2+mvm/PEkh9H1Q=
6,2,VneTkt/CVr1BvHEl+NAC1aztFKg=,ol5Tnf2qqCQOXQmOL7y2i+gBCw4=
5,2,VneTkt/CVr1BvHEl+NAC1aztFKg=,MFemYxK+30djnuBFyi2N+qSlx30=
6,1,VneTkt/CVr1BvHEl+NAC1aztFKg=,I+ASRlhzwBWodsuE3O8u1NT9vIU=
8,6,VneTkt/CVr1BvHEl+NAC1aztFKg=,lT0ldAyiN0AyjINNGwoB7aMH70k=
8,5,VneTkt/CVr1BvHEl+NAC1aztFKg=,NlzsPYDNKYiuDUYnv186Mfq2FZQ=
8,3,VneTkt/CVr1BvHEl+NAC1aztFKg=,R4XlSIgR7LUKZMfVuMHv8MOc4f8=
7,6,VneTkt/CVr1BvHEl+NAC1aztFKg=,+Eqk42GiCmS4e0zkx0qmaVoZQ64=
8,4,VneTkt/CVr1BvHEl+NAC1aztFKg=,NlzsPYDNKYiuDUYnv186Mfq2FZQ=
7,5,VneTkt/CVr1BvHEl+NAC1aztFKg=,tU/AU1F4F9xs0JvSx98dBoi557E=
7,3,VneTkt/CVr1BvHEl+NAC1aztFKg=,ol5Tnf2qqCQOXQmOL7y2i+gBCw4=
7,4,VneTkt/CVr1BvHEl+NAC1aztFKg=,tU/AU1F4F9xs0JvSx98dBoi557E=
8,7,0uJyGSPhnvkY/7PAx83CVrJomYo=,lT0ldAyiN0AyjINNGwoB7aMH70k=
8,10,0uJyGSPhnvkY/7PAx83CVrJomYo=,/3zAy0TraqCkLlj/U6xIs2RM0QA=
8,8,0uJyGSPhnvkY/7PAx83CVrJomYo=,gt1+NMc7XRNDU4RsW/eV5uqdkeo=
7,9,0uJyGSPhnvkY/7PAx83CVrJomYo=,ywa3kxFFOuweWDXgRllW+tqR37k=
7,10,0uJyGSPhnvkY/7PAx83CVrJomYo=,MKs0+HCJggxCGeF2xt5Wftv7Biw=
8,9,0uJyGSPhnvkY/7PAx83CVrJomYo=,gt1+NMc7XRNDU4RsW/eV5uqdkeo=
7,8,0uJyGSPhnvkY/7PAx83CVrJomYo=,ywa3kxFFOuweWDXgRllW+tqR37k=
7,7,0uJyGSPhnvkY/7PAx83CVrJomYo=,+Eqk42GiCmS4e0zkx0qmaVoZQ64=
7,1,YGtyF+2cvHFTEcz2NemhFPHdU0c=,I+ASRlhzwBWodsuE3O8u1NT9vIU=
8,2,YGtyF+2cvHFTEcz2NemhFPHdU0c=,R4XlSIgR7LUKZMfVuMHv8MOc4f8=
7,2,YGtyF+2cvHFTEcz2NemhFPHdU0c=,ol5Tnf2qqCQOXQmOL7y2i+gBCw4=
8,1,YGtyF+2cvHFTEcz2NemhFPHdU0c=,0zniaFOBPuiXBDVuvcomW9p6co0=
10,10,YGtyF+2cvHFTEcz2NemhFPHdU0c=,j8YPLBePecchUoNdWtlM5LpVfZk=
9,10,YGtyF+2cvHFTEcz2NemhFPHdU0c=,/3zAy0TraqCkLlj/U6xIs2RM0QA=
10,9,YGtyF+2cvHFTEcz2NemhFPHdU0c=,wKV45MZZ+3xmZ/6clEbRUWYm7go=
9,9,YGtyF+2cvHFTEcz2NemhFPHdU0c=,gt1+NMc7XRNDU4RsW/eV5uqdkeo=
9,7,YGtyF+2cvHFTEcz2NemhFPHdU0c=,lT0ldAyiN0AyjINNGwoB7aMH70k=
10,5,YGtyF+2cvHFTEcz2NemhFPHdU0c=,CxZBf2/V7hQWnjVqJIDS3DJMvOA=
10,7,YGtyF+2cvHFTEcz2NemhFPHdU0c=,baKoNaweKJgXhOhwVNz6L1WkJUQ=
9,6,YGtyF+2cvHFTEcz2NemhFPHdU0c=,lT0ldAyiN0AyjINNGwoB7aMH70k=
9,8,YGtyF+2cvHFTEcz2NemhFPHdU0c=,gt1+NMc7XRNDU4RsW/eV5uqdkeo=
10,6,YGtyF+2cvHFTEcz2NemhFPHdU0c=,baKoNaweKJgXhOhwVNz6L1WkJUQ=
9,5,YGtyF+2cvHFTEcz2NemhFPHdU0c=,NlzsPYDNKYiuDUYnv186Mfq2FZQ=
10,8,YGtyF+2cvHFTEcz2NemhFPHdU0c=,wKV45MZZ+3xmZ/6clEbRUWYm7go=
12,7,o3aHrPDHHbHqRj8UdqrBNVpW8Ig=,wmd2HVLTbcS4DaXfBz/lQAMg540=
12,8,o3aHrPDHHbHqRj8UdqrBNVpW8Ig=,9hzjCExRyx+I8ptjeI9S2tnxoyQ=
11,8,o3aHrPDHHbHqRj8UdqrBNVpW8Ig=,wKV45MZZ+3xmZ/6clEbRUWYm7go=
11,7,o3aHrPDHHbHqRj8UdqrBNVpW8Ig=,baKoNaweKJgXhOhwVNz6L1WkJUQ=
10,4,o3aHrPDHHbHqRj8UdqrBNVpW8Ig=,CxZBf2/V7hQWnjVqJIDS3DJMvOA=
12,5,o3aHrPDHHbHqRj8UdqrBNVpW8Ig=,X6NJapYSc3CLBfx6cGcW+PYN/F8=
11,5,o3aHrPDHHbHqRj8UdqrBNVpW8Ig=,CxZBf2/V7hQWnjVqJIDS3DJMvOA=
12,6,o3aHrPDHHbHqRj8UdqrBNVpW8Ig=,wmd2HVLTbcS4DaXfBz/lQAMg540=
9,4,o3aHrPDHHbHqRj8UdqrBNVpW8Ig=,NlzsPYDNKYiuDUYnv186Mfq2FZQ=
10,3,o3aHrPDHHbHqRj8UdqrBNVpW8Ig=,gOv71fP/C3fh5ZiJdBC8IpyGog4=
9,3,o3aHrPDHHbHqRj8UdqrBNVpW8Ig=,R4XlSIgR7LUKZMfVuMHv8MOc4f8=
11,6,o3aHrPDHHbHqRj8UdqrBNVpW8Ig=,baKoNaweKJgXhOhwVNz6L1WkJUQ=
10,2,QBeMwvp8XFJY2LURLsU9WHvysgc=,gOv71fP/C3fh5ZiJdBC8IpyGog4=
9,2,QBeMwvp8XFJY2LURLsU9WHvysgc=,R4XlSIgR7LUKZMfVuMHv8MOc4f8=
10,1,QBeMwvp8XFJY2LURLsU9WHvysgc=,SiN03eOKg8TqewA1NLrg0KP9yBA=
11,4,QBeMwvp8XFJY2LURLsU9WHvysgc=,CxZBf2/V7hQWnjVqJIDS3DJMvOA=
9,1,QBeMwvp8XFJY2LURLsU9WHvysgc=,0zniaFOBPuiXBDVuvcomW9p6co0=
12,3,QBeMwvp8XFJY2LURLsU9WHvysgc=,CpSrJRDttSCQ386fMvcOPr9YHE0=
12,4,QBeMwvp8XFJY2LURLsU9WHvysgc=,X6NJapYSc3CLBfx6cGcW+PYN/F8=
11,3,QBeMwvp8XFJY2LURLsU9WHvysgc=,gOv71fP/C3fh5ZiJdBC8IpyGog4=
14,1,QBeMwvp8XFJY2LURLsU9WHvysgc=,WU8C4IF1OL+bUBopvWaETHLif0w=
13,2,ArxtWbktSKfXjoQ72vc09mAn04k=,CpSrJRDttSCQ386fMvcOPr9YHE0=
13,1,ArxtWbktSKfXjoQ72vc09mAn04k=,+0lZK5ignOEIVh8tjKyxSjqATaY=
12,2,ArxtWbktSKfXjoQ72vc09mAn04k=,CpSrJRDttSCQ386fMvcOPr9YHE0=
12,1,ArxtWbktSKfXjoQ72vc09mAn04k=,+0lZK5ignOEIVh8tjKyxSjqATaY=
11,2,ArxtWbktSKfXjoQ72vc09mAn04k=,gOv71fP/C3fh5ZiJdBC8IpyGog4=
12,0,ArxtWbktSKfXjoQ72vc09mAn04k=,+0lZK5ignOEIVh8tjKyxSjqATaY=
11,1,ArxtWbktSKfXjoQ72vc09mAn04k=,SiN03eOKg8TqewA1NLrg0KP9yBA=
11,0,ArxtWbktSKfXjoQ72vc09mAn04k=,SiN03eOKg8TqewA1NLrg0KP9yBA=
14,0,ArxtWbktSKfXjoQ72vc09mAn04k=,WU8C4IF1OL+bUBopvWaETHLif0w=
13,0,ArxtWbktSKfXjoQ72vc09mAn04k=,+0lZK5ignOEIVh8tjKyxSjqATaY=
8,0,rZ1AdOOsi3/obISf1/FTybcXaLw=,0zniaFOBPuiXBDVuvcomW9p6co0=
10,0,rZ1AdOOsi3/obISf1/FTybcXaLw=,SiN03eOKg8TqewA1NLrg0KP9yBA=
7,0,rZ1AdOOsi3/obISf1/FTybcXaLw=,I+ASRlhzwBWodsuE3O8u1NT9vIU=
5,0,rZ1AdOOsi3/obISf1/FTybcXaLw=,P8ZX+QZmk61LG2+mvm/PEkh9H1Q=
6,0,rZ1AdOOsi3/obISf1/FTybcXaLw=,I+ASRlhzwBWodsuE3O8u1NT9vIU=
9,0,rZ1AdOOsi3/obISf1/FTybcXaLw=,0zniaFOBPuiXBDVuvcomW9p6co0=
4,0,9929pRc7yt7ah3cZ+mwnXM7HIdc=,P8ZX+QZmk61LG2+mvm/PEkh9H1Q=
3,0,9929pRc7yt7ah3cZ+mwnXM7HIdc=,BcULEhtHvEplWSRmj9ZNAaldS/w=
2,0,9929pRc7yt7ah3cZ+mwnXM7HIdc=,BcULEhtHvEplWSRmj9ZNAaldS/w=
1,0,9929pRc7yt7ah3cZ+mwnXM7HIdc=,KKgB+uIpYEpUsyj0jVCER0fHlCA=
0,2,9929pRc7yt7ah3cZ+mwnXM7HIdc=,zYv9FjUMB9m0gf+YT6wYBym2GGc=
0,3,9929pRc7yt7ah3cZ+mwnXM7HIdc=,zYv9FjUMB9m0gf+YT6wYBym2GGc=
0,4,9929pRc7yt7ah3cZ+mwnXM7HIdc=,iU11mKLwPQczy4hAUt8QFf0e/nk=
0,1,y1z7WtL0HEqpG0BSgHTP/Mf5GmQ=,KKgB+uIpYEpUsyj0jVCER0fHlCA=
0,0,y1z7WtL0HEqpG0BSgHTP/Mf5GmQ=,KKgB+uIpYEpUsyj0jVCER0fHlCA=
0,5,y1z7WtL0HEqpG0BSgHTP/Mf5GmQ=,iU11mKLwPQczy4hAUt8QFf0e/nk=
0,6,y1z7WtL0HEqpG0BSgHTP/Mf5GmQ=,ltwJiy6jZxz5I0RYWXTPQhDXCJ0=
0,7,mn6fRGUzDeojcdIzuazMd3jpEXY=,ltwJiy6jZxz5I0RYWXTPQhDXCJ0=
0,10,mn6fRGUzDeojcdIzuazMd3jpEXY=,qv7saCKcSeUG5BH3YaEeub5SMTc=
0,8,mn6fRGUzDeojcdIzuazMd3jpEXY=,2N0+oEztHIWP11XCDJMXv6Pspx4=
0,12,mn6fRGUzDeojcdIzuazMd3jpEXY=,Oph6yrmSSMECQ0qGYJhY37nYsAU=
0,9,mn6fRGUzDeojcdIzuazMd3jpEXY=,2N0+oEztHIWP11XCDJMXv6Pspx4=
3,12,mn6fRGUzDeojcdIzuazMd3jpEXY=,WS8I+gZS/D65uBiiGf5RicBzA2k=
0,11,mn6fRGUzDeojcdIzuazMd3jpEXY=,qv7saCKcSeUG5BH3YaEeub5SMTc=
4,11,mn6fRGUzDeojcdIzuazMd3jpEXY=,yhG6Qh8/kEgF8k/I/HrQXIhTnGo=
3,11,mn6fRGUzDeojcdIzuazMd3jpEXY=,O/enWlnQ+UGrBViPrqcoHjMG0+A=
3,14,mn6fRGUzDeojcdIzuazMd3jpEXY=,HpNppNQgQKS1dJGy0XFP85qqESg=
3,13,mn6fRGUzDeojcdIzuazMd3jpEXY=,WS8I+gZS/D65uBiiGf5RicBzA2k=
4,14,mn6fRGUzDeojcdIzuazMd3jpEXY=,lxYqtfqTvHFTlUmfHkMdLq/Us48=
2,13,OlnI5YIa56vUWg5TP47zOGafmYs=,WS8I+gZS/D65uBiiGf5RicBzA2k=
2,14,OlnI5YIa56vUWg5TP47zOGafmYs=,HpNppNQgQKS1dJGy0XFP85qqESg=
8,11,OlnI5YIa56vUWg5TP47zOGafmYs=,/3zAy0TraqCkLlj/U6xIs2RM0QA=
5,14,OlnI5YIa56vUWg5TP47zOGafmYs=,lxYqtfqTvHFTlUmfHkMdLq/Us48=
5,11,OlnI5YIa56vUWg5TP47zOGafmYs=,yhG6Qh8/kEgF8k/I/HrQXIhTnGo=
6,14,OlnI5YIa56vUWg5TP47zOGafmYs=,l7QVKqrUbaRsf0DF5qrHYHUnOWw=
1,14,OlnI5YIa56vUWg5TP47zOGafmYs=,HI1c+ACJDfoewfgPpVmlJTdav5M=
3,15,OlnI5YIa56vUWg5TP47zOGafmYs=,HpNppNQgQKS1dJGy0XFP85qqESg=
4,15,OlnI5YIa56vUWg5TP47zOGafmYs=,lxYqtfqTvHFTlUmfHkMdLq/Us48=
7,11,OlnI5YIa56vUWg5TP47zOGafmYs=,MKs0+HCJggxCGeF2xt5Wftv7Biw=
6,12,OlnI5YIa56vUWg5TP47zOGafmYs=,FSW2mVPKdq4L0AhF1yJ3UMHj8dc=
0,14,OlnI5YIa56vUWg5TP47zOGafmYs=,HI1c+ACJDfoewfgPpVmlJTdav5M=
6,13,OlnI5YIa56vUWg5TP47zOGafmYs=,FSW2mVPKdq4L0AhF1yJ3UMHj8dc=
6,11,OlnI5YIa56vUWg5TP47zOGafmYs=,MKs0+HCJggxCGeF2xt5Wftv7Biw=
1,13,OlnI5YIa56vUWg5TP47zOGafmYs=,Oph6yrmSSMECQ0qGYJhY37nYsAU=
0,13,OlnI5YIa56vUWg5TP47zOGafmYs=,Oph6yrmSSMECQ0qGYJhY37nYsAU=
7,12,OlnI5YIa56vUWg5TP47zOGafmYs=,FSW2mVPKdq4L0AhF1yJ3UMHj8dc=
2,15,Yfvbn767NySUiUmVhUy6aW+t2Vc=,HpNppNQgQKS1dJGy0XFP85qqESg=
6,15,Yfvbn767NySUiUmVhUy6aW+t2Vc=,l7QVKqrUbaRsf0DF5qrHYHUnOWw=
5,15,Yfvbn767NySUiUmVhUy6aW+t2Vc=,lxYqtfqTvHFTlUmfHkMdLq/Us48=
12,10,Yfvbn767NySUiUmVhUy6aW+t2Vc=,0paAwxsoBWMJrlY4m/fuWL0mPJA=
12,9,Yfvbn767NySUiUmVhUy6aW+t2Vc=,9hzjCExRyx+I8ptjeI9S2tnxoyQ=
11,10,Yfvbn767NySUiUmVhUy6aW+t2Vc=,j8YPLBePecchUoNdWtlM5LpVfZk=
7,15,Yfvbn767NySUiUmVhUy6aW+t2Vc=,l7QVKqrUbaRsf0DF5qrHYHUnOWw=
11,9,Yfvbn767NySUiUmVhUy6aW+t2Vc=,wKV45MZZ+3xmZ/6clEbRUWYm7go=
1,15,Yfvbn767NySUiUmVhUy6aW+t2Vc=,HI1c+ACJDfoewfgPpVmlJTdav5M=
7,14,Yfvbn767NySUiUmVhUy6aW+t2Vc=,l7QVKqrUbaRsf0DF5qrHYHUnOWw=
8,14,Yfvbn767NySUiUmVhUy6aW+t2Vc=,tnpBklju9558KnML9KWQQbbSvD0=
8,15,Yfvbn767NySUiUmVhUy6aW+t2Vc=,tnpBklju9558KnML9KWQQbbSvD0=
9,14,Yfvbn767NySUiUmVhUy6aW+t2Vc=,tnpBklju9558KnML9KWQQbbSvD0=
10,11,Yfvbn767NySUiUmVhUy6aW+t2Vc=,j8YPLBePecchUoNdWtlM5LpVfZk=
9,11,Yfvbn767NySUiUmVhUy6aW+t2Vc=,/3zAy0TraqCkLlj/U6xIs2RM0QA=
12,11,Yfvbn767NySUiUmVhUy6aW+t2Vc=,0paAwxsoBWMJrlY4m/fuWL0mPJA=
11,11,Yfvbn767NySUiUmVhUy6aW+t2Vc=,j8YPLBePecchUoNdWtlM5LpVfZk=
12,13,Yfvbn767NySUiUmVhUy6aW+t2Vc=,IAuk1dylDNyHJJgBAhc4h60rkFQ=
10,12,Yfvbn767NySUiUmVhUy6aW+t2Vc=,Jb0sqFA/aTbxYnewV0WxXsR/Nek=
7,13,Yfvbn767NySUiUmVhUy6aW+t2Vc=,FSW2mVPKdq4L0AhF1yJ3UMHj8dc=
10,13,Yfvbn767NySUiUmVhUy6aW+t2Vc=,Jb0sqFA/aTbxYnewV0WxXsR/Nek=
11,13,Yfvbn767NySUiUmVhUy6aW+t2Vc=,Jb0sqFA/aTbxYnewV0WxXsR/Nek=
12,12,Yfvbn767NySUiUmVhUy6aW+t2Vc=,IAuk1dylDNyHJJgBAhc4h60rkFQ=
11,12,Yfvbn767NySUiUmVhUy6aW+t2Vc=,Jb0sqFA/aTbxYnewV0WxXsR/Nek=
15,11,YPT6hLjL5Cs9XTf4yzZbwFAlAVc=,dW8RKnnHuckiJQ14GGA6Zu+zvWE=
13,13,YPT6hLjL5Cs9XTf4yzZbwFAlAVc=,IAuk1dylDNyHJJgBAhc4h60rkFQ=
14,13,YPT6hLjL5Cs9XTf4yzZbwFAlAVc=,xouZtfOqwIcF1Qd0v29HLa2/Dsw=
15,13,YPT6hLjL5Cs9XTf4yzZbwFAlAVc=,xouZtfOqwIcF1Qd0v29HLa2/Dsw=
14,6,YPT6hLjL5Cs9XTf4yzZbwFAlAVc=,6DZ2LslRhJcXoxx5pyaV4JKPjtc=
14,11,YPT6hLjL5Cs9XTf4yzZbwFAlAVc=,dW8RKnnHuckiJQ14GGA6Zu+zvWE=
13,5,YPT6hLjL5Cs9XTf4yzZbwFAlAVc=,X6NJapYSc3CLBfx6cGcW+PYN/F8=
13,6,YPT6hLjL5Cs9XTf4yzZbwFAlAVc=,wmd2HVLTbcS4DaXfBz/lQAMg540=
13,11,YPT6hLjL5Cs9XTf4yzZbwFAlAVc=,0paAwxsoBWMJrlY4m/fuWL0mPJA=
15,6,YPT6hLjL5Cs9XTf4yzZbwFAlAVc=,6DZ2LslRhJcXoxx5pyaV4JKPjtc=
13,4,YPT6hLjL5Cs9XTf4yzZbwFAlAVc=,X6NJapYSc3CLBfx6cGcW+PYN/F8=
15,12,YPT6hLjL5Cs9XTf4yzZbwFAlAVc=,xouZtfOqwIcF1Qd0v29HLa2/Dsw=
9,15,YPT6hLjL5Cs9XTf4yzZbwFAlAVc=,tnpBklju9558KnML9KWQQbbSvD0=
13,12,YPT6hLjL5Cs9XTf4yzZbwFAlAVc=,IAuk1dylDNyHJJgBAhc4h60rkFQ=
13,3,YPT6hLjL5Cs9XTf4yzZbwFAlAVc=,CpSrJRDttSCQ386fMvcOPr9YHE0=
14,12,YPT6hLjL5Cs9XTf4yzZbwFAlAVc=,xouZtfOqwIcF1Qd0v29HLa2/Dsw=
15,1,YPT6hLjL5Cs9XTf4yzZbwFAlAVc=,WU8C4IF1OL+bUBopvWaETHLif0w=
15,7,YPT6hLjL5Cs9XTf4yzZbwFAlAVc=,6DZ2LslRhJcXoxx5pyaV4JKPjtc=
13,10,YPT6hLjL5Cs9XTf4yzZbwFAlAVc=,0paAwxsoBWMJrlY4m/fuWL0mPJA=
14,10,YPT6hLjL5Cs9XTf4yzZbwFAlAVc=,dW8RKnnHuckiJQ14GGA6Zu+zvWE=
15,10,YPT6hLjL5Cs9XTf4yzZbwFAlAVc=,dW8RKnnHuckiJQ14GGA6Zu+zvWE=
13,9,YPT6hLjL5Cs9XTf4yzZbwFAlAVc=,9hzjCExRyx+I8ptjeI9S2tnxoyQ=
0,15,YPT6hLjL5Cs9XTf4yzZbwFAlAVc=,HI1c+ACJDfoewfgPpVmlJTdav5M=
15,9,YPT6hLjL5Cs9XTf4yzZbwFAlAVc=,QJf/O5W8183amO+H/6Z9uRpCZBQ=
13,7,YPT6hLjL5Cs9XTf4yzZbwFAlAVc=,wmd2HVLTbcS4DaXfBz/lQAMg540=
14,9,YPT6hLjL5Cs9XTf4yzZbwFAlAVc=,QJf/O5W8183amO+H/6Z9uRpCZBQ=
14,7,YPT6hLjL5Cs9XTf4yzZbwFAlAVc=,6DZ2LslRhJcXoxx5pyaV4JKPjtc=
15,0,YPT6hLjL5Cs9XTf4yzZbwFAlAVc=,WU8C4IF1OL+bUBopvWaETHLif0w=
15,8,YPT6hLjL5Cs9XTf4yzZbwFAlAVc=,QJf/O5W8183amO+H/6Z9uRpCZBQ=
14,8,YPT6hLjL5Cs9XTf4yzZbwFAlAVc=,QJf/O5W8183amO+H/6Z9uRpCZBQ=
13,8,YPT6hLjL5Cs9XTf4yzZbwFAlAVc=,9hzjCExRyx+I8ptjeI9S2tnxoyQ=
8,18,rJ3LhJR10qZ6A7HxJIuCdOFx2f4=,AAoPA9sT4UuGTn7dPgpNV7eE6S4=
7,18,rJ3LhJR10qZ6A7HxJIuCdOFx2f4=,2U+zRi0I8pLT5QoBmAez5ZaXdOA=
7,17,rJ3LhJR10qZ6A7HxJIuCdOFx2f4=,gGU8loxdTrMbJfCILPnMkBd3Tgo=
8,17,rJ3LhJR10qZ6A7HxJIuCdOFx2f4=,WNlR41kLBg0DR3OacK8TOqY8omM=
6,18,q+NR/bEDUbZloEB+HFkgMav1fZg=,2U+zRi0I8pLT5QoBmAez5ZaXdOA=
6,17,q+NR/bEDUbZloEB+HFkgMav1fZg=,gGU8loxdTrMbJfCILPnMkBd3Tgo=
5,18,q+NR/bEDUbZloEB+HFkgMav1fZg=,jgDtpfm2/UGGQ1g47N6GvMBCx8w=
5,17,q+NR/bEDUbZloEB+HFkgMav1fZg=,wjjnPZIT2ITXniCzocK1alYKuZM=
3,17,rQ5iDeikjqjUrsYIMmQsIh9kzxQ=,LlGQi4SGikJjP6zc3uOVyRi1Dxs=
3,18,rQ5iDeikjqjUrsYIMmQsIh9kzxQ=,/RXM2W3WQPMy3ZtQWfGf9D8I8T8=
4,18,rQ5iDeikjqjUrsYIMmQsIh9kzxQ=,jgDtpfm2/UGGQ1g47N6GvMBCx8w=
4,17,rQ5iDeikjqjUrsYIMmQsIh9kzxQ=,wjjnPZIT2ITXniCzocK1alYKuZM=
1,19,rQ5iDeikjqjUrsYIMmQsIh9kzxQ=,svy1zkfYOSYbeDd9joH5osqAc0I=
2,19,rQ5iDeikjqjUrsYIMmQsIh9kzxQ=,/RXM2W3WQPMy3ZtQWfGf9D8I8T8=
2,18,kD87+mw5rG6OrI3GB4jLXQGahi8=,/RXM2W3WQPMy3ZtQWfGf9D8I8T8=
2,17,kD87+mw5rG6OrI3GB4jLXQGahi8=,LlGQi4SGikJjP6zc3uOVyRi1Dxs=
1,18,kD87+mw5rG6OrI3GB4jLXQGahi8=,svy1zkfYOSYbeDd9joH5osqAc0I=
1,17,kD87+mw5rG6OrI3GB4jLXQGahi8=,/tVoTKCEOjo9AABYtzJt/uTvb4o=
9,18,kD87+mw5rG6OrI3GB4jLXQGahi8=,AAoPA9sT4UuGTn7dPgpNV7eE6S4=
11,17,kD87+mw5rG6OrI3GB4jLXQGahi8=,37YXFGfu4Vz+ZcNNPei3HLP2xyc=
10,17,kD87+mw5rG6OrI3GB4jLXQGahi8=,37YXFGfu4Vz+ZcNNPei3HLP2xyc=
2,16,kD87+mw5rG6OrI3GB4jLXQGahi8=,LlGQi4SGikJjP6zc3uOVyRi1Dxs=
9,17,kD87+mw5rG6OrI3GB4jLXQGahi8=,WNlR41kLBg0DR3OacK8TOqY8omM=
1,16,kD87+mw5rG6OrI3GB4jLXQGahi8=,/tVoTKCEOjo9AABYtzJt/uTvb4o=
4,16,kD87+mw5rG6OrI3GB4jLXQGahi8=,wjjnPZIT2ITXniCzocK1alYKuZM=
6,16,3Fb0YvLGCdYOyWhFEB5K0MoIwMI=,gGU8loxdTrMbJfCILPnMkBd3Tgo=
5,16,3Fb0YvLGCdYOyWhFEB5K0MoIwMI=,wjjnPZIT2ITXniCzocK1alYKuZM=
3,16,3Fb0YvLGCdYOyWhFEB5K0MoIwMI=,LlGQi4SGikJjP6zc3uOVyRi1Dxs=
11,16,3Fb0YvLGCdYOyWhFEB5K0MoIwMI=,37YXFGfu4Vz+ZcNNPei3HLP2xyc=
9,19,3Fb0YvLGCdYOyWhFEB5K0MoIwMI=,AAoPA9sT4UuGTn7dPgpNV7eE6S4=
0,17,3Fb0YvLGCdYOyWhFEB5K0MoIwMI=,/tVoTKCEOjo9AABYtzJt/uTvb4o=
0,18,3Fb0YvLGCdYOyWhFEB5K0MoIwMI=,svy1zkfYOSYbeDd9joH5osqAc0I=
7,16,3Fb0YvLGCdYOyWhFEB5K0MoIwMI=,gGU8loxdTrMbJfCILPnMkBd3Tgo=
8,16,3Fb0YvLGCdYOyWhFEB5K0MoIwMI=,WNlR41kLBg0DR3OacK8TOqY8omM=
10,16,3Fb0YvLGCdYOyWhFEB5K0MoIwMI=,37YXFGfu4Vz+ZcNNPei3HLP2xyc=
9,16,3Fb0YvLGCdYOyWhFEB5K0MoIwMI=,WNlR41kLBg0DR3OacK8TOqY8omM=
8,19,3Fb0YvLGCdYOyWhFEB5K0MoIwMI=,AAoPA9sT4UuGTn7dPgpNV7eE6S4=
0,19,3Fb0YvLGCdYOyWhFEB5K0MoIwMI=,svy1zkfYOSYbeDd9joH5osqAc0I=
7,19,+mHr/g1fk/nhLjU18hgbicQgZPw=,2U+zRi0I8pLT5QoBmAez5ZaXdOA=
4,19,+mHr/g1fk/nhLjU18hgbicQgZPw=,jgDtpfm2/UGGQ1g47N6GvMBCx8w=
0,16,+mHr/g1fk/nhLjU18hgbicQgZPw=,/tVoTKCEOjo9AABYtzJt/uTvb4o=
6,19,+mHr/g1fk/nhLjU18hgbicQgZPw=,2U+zRi0I8pLT5QoBmAez5ZaXdOA=
3,19,+mHr/g1fk/nhLjU18hgbicQgZPw=,/RXM2W3WQPMy3ZtQWfGf9D8I8T8=
5,19,+mHr/g1fk/nhLjU18hgbicQgZPw=,jgDtpfm2/UGGQ1g47N6GvMBCx8w=
16,9,gG36OTtWGyV03+8mi7niWD0AqDw=,PgYN8RFnlyFiojLVLd+qndwshVs=
17,9,gG36OTtWGyV03+8mi7niWD0AqDw=,PgYN8RFnlyFiojLVLd+qndwshVs=
18,9,gG36OTtWGyV03+8mi7niWD0AqDw=,gsPCPTIKTRUgbagZYmUvEiXgmFs=
19,9,gG36OTtWGyV03+8mi7niWD0AqDw=,gsPCPTIKTRUgbagZYmUvEiXgmFs=
17,8,gG36OTtWGyV03+8mi7niWD0AqDw=,PgYN8RFnlyFiojLVLd+qndwshVs=
19,8,gG36OTtWGyV03+8mi7niWD0AqDw=,gsPCPTIKTRUgbagZYmUvEiXgmFs=
16,13,gG36OTtWGyV03+8mi7niWD0AqDw=,hqJMSZ/aWsVt6HIHLC6GO904bW4=
18,8,gG36OTtWGyV03+8mi7niWD0AqDw=,gsPCPTIKTRUgbagZYmUvEiXgmFs=
16,12,gG36OTtWGyV03+8mi7niWD0AqDw=,hqJMSZ/aWsVt6HIHLC6GO904bW4=
19,12,gG36OTtWGyV03+8mi7niWD0AqDw=,Ii5qekHd7/3XKd92PjMUIZy+dYA=
19,13,gG36OTtWGyV03+8mi7niWD0AqDw=,Ii5qekHd7/3XKd92PjMUIZy+dYA=
18,12,gG36OTtWGyV03+8mi7niWD0AqDw=,Ii5qekHd7/3XKd92PjMUIZy+dYA=
17,13,3eBzALVb++Fz+J20MrO3KMevkcw=,hqJMSZ/aWsVt6HIHLC6GO904bW4=
17,12,3eBzALVb++Fz+J20MrO3KMevkcw=,hqJMSZ/aWsVt6HIHLC6GO904bW4=
18,13,3eBzALVb++Fz+J20MrO3KMevkcw=,Ii5qekHd7/3XKd92PjMUIZy+dYA=
16,8,3eBzALVb++Fz+J20MrO3KMevkcw=,PgYN8RFnlyFiojLVLd+qndwshVs=
16,1,3eBzALVb++Fz+J20MrO3KMevkcw=,4bPs3htZTACVFpv0XI3kXNQBEV0=
17,1,3eBzALVb++Fz+J20MrO3KMevkcw=,4bPs3htZTACVFpv0XI3kXNQBEV0=
18,1,3eBzALVb++Fz+J20MrO3KMevkcw=,mSpbJasnw8UESu8DNvkWUS5nwwg=
19,0,3eBzALVb++Fz+J20MrO3KMevkcw=,mSpbJasnw8UESu8DNvkWUS5nwwg=
19,1,3eBzALVb++Fz+J20MrO3KMevkcw=,mSpbJasnw8UESu8DNvkWUS5nwwg=
18,0,3eBzALVb++Fz+J20MrO3KMevkcw=,mSpbJasnw8UESu8DNvkWUS5nwwg=
16,0,3eBzALVb++Fz+J20MrO3KMevkcw=,4bPs3htZTACVFpv0XI3kXNQBEV0=
17,0,3eBzALVb++Fz+J20MrO3KMevkcw=,4bPs3htZTACVFpv0XI3kXNQBEV0=
